üìò Database Learning Journey

üí° Complete Notes from Class 1 to Class 3 (DBMS, SQL, MariaDB Practice)

üè´ Class 1 ‚Äî Introduction to DBMS
‚öôÔ∏è 1Ô∏è‚É£ Termux Setup for Database

üì≤ Step-by-Step Commands:

pkg install mariadb
mysqld_safe &
mysql -u root


‚úÖ ‡¶è‡¶ñ‡¶® ‡¶§‡ßÅ‡¶Æ‡¶ø ‡¶°‡¶æ‡¶ü‡¶æ‡¶¨‡ßá‡¶∏ ‡¶§‡ßà‡¶∞‡¶ø ‡¶ì SQL ‡¶ï‡¶Æ‡¶æ‡¶®‡ßç‡¶° ‡¶¨‡ßç‡¶Ø‡¶¨‡¶π‡¶æ‡¶∞ ‡¶ï‡¶∞‡¶§‡ßá ‡¶™‡ßç‡¶∞‡¶∏‡ßç‡¶§‡ßÅ‡¶§!

üìö 2Ô∏è‚É£ What is DBMS?

DBMS (Database Management System) ‡¶π‡¶≤‡ßã ‡¶è‡¶Æ‡¶® ‡¶∏‡¶´‡¶ü‡¶ì‡¶Ø‡¶º‡ßç‡¶Ø‡¶æ‡¶∞ ‡¶Ø‡¶æ ‡¶°‡¶æ‡¶ü‡¶æ‡¶ï‡ßá store, manage, ‡¶è‡¶¨‡¶Ç organize ‡¶ï‡¶∞‡ßá‡•§

üîë Key Points:

‡¶°‡¶æ‡¶ü‡¶æ ‡¶∏‡¶Ç‡¶∞‡¶ï‡ßç‡¶∑‡¶£ ‡¶ï‡¶∞‡ßá efficient ‡¶ì secure ‡¶≠‡¶æ‡¶¨‡ßá

SQL ‡¶¨‡ßç‡¶Ø‡¶¨‡¶π‡¶æ‡¶∞ ‡¶ï‡¶∞‡ßá ‡¶°‡¶æ‡¶ü‡¶æ query ‡¶ì manipulate ‡¶ï‡¶∞‡¶æ ‡¶Ø‡¶æ‡¶Ø‡¶º

‡¶â‡¶¶‡¶æ‡¶π‡¶∞‡¶£: MySQL, MariaDB, PostgreSQL, Oracle DB

üß† 3Ô∏è‚É£ Why DBMS?

‚úÖ ‡¶°‡¶æ‡¶ü‡¶æ‡¶∞ consistency ‡¶ì integrity ‡¶¨‡¶ú‡¶æ‡¶Ø‡¶º ‡¶∞‡¶æ‡¶ñ‡ßá
‚úÖ ‡¶°‡¶æ‡¶ü‡¶æ‡¶∞ security ‡¶®‡¶ø‡¶∂‡ßç‡¶ö‡¶ø‡¶§ ‡¶ï‡¶∞‡ßá
‚úÖ ‡¶∏‡¶π‡¶ú‡ßá search, update, delete ‡¶ï‡¶∞‡¶æ ‡¶Ø‡¶æ‡¶Ø‡¶º

üè´ Class 2 ‚Äî Step-by-Step Database Tutorial
üß© 1Ô∏è‚É£ Database ‡¶§‡ßà‡¶∞‡¶ø ‡¶ï‡¶∞‡¶æ
SHOW DATABASES;
CREATE DATABASE mydb;

üß≠ 2Ô∏è‚É£ Database-‡¶è ‡¶™‡ßç‡¶∞‡¶¨‡ßá‡¶∂ ‡¶ï‡¶∞‡¶æ
USE mydb;

üèóÔ∏è 3Ô∏è‚É£ ‡¶ü‡ßá‡¶¨‡¶ø‡¶≤ ‡¶§‡ßà‡¶∞‡¶ø ‡¶ï‡¶∞‡¶æ
CREATE TABLE product(
    Name VARCHAR(100),
    Description VARCHAR(100),
    Price INT,
    Variant VARCHAR(100)
);

üéØ Summary
Step	Command	‡¶ï‡¶æ‡¶ú
1Ô∏è‚É£	SHOW DATABASES	‡¶°‡¶æ‡¶ü‡¶æ‡¶¨‡ßá‡¶∏ ‡¶¶‡ßá‡¶ñ‡¶æ
2Ô∏è‚É£	CREATE DATABASE	‡¶®‡¶§‡ßÅ‡¶® ‡¶°‡¶æ‡¶ü‡¶æ‡¶¨‡ßá‡¶∏ ‡¶§‡ßà‡¶∞‡¶ø
3Ô∏è‚É£	USE	‡¶°‡¶æ‡¶ü‡¶æ‡¶¨‡ßá‡¶∏‡ßá ‡¶™‡ßç‡¶∞‡¶¨‡ßá‡¶∂
4Ô∏è‚É£	CREATE TABLE	‡¶ü‡ßá‡¶¨‡¶ø‡¶≤ ‡¶§‡ßà‡¶∞‡¶ø
üíª Class 3 ‚Äî Data Types & Binary Numbers

üìò Topics Covered:

SQL Data Types

Binary Numbers

Table Creation & Data Insertion

üß© Make Student Database
‚úÖ Step 1: Create Database
CREATE DATABASE cstustudent;
USE cstustudent;

‚úÖ Step 2: Create Table
CREATE TABLE students(
    Name VARCHAR(100),
    Roll VARCHAR(8),
    Phone VARCHAR(15),
    Email VARCHAR(100),
    Gender ENUM('Male','Female')
);

üíª Terminal View
MariaDB [(none)]> CREATE database cstustudent;
Query OK, 1 row affected (0.011 sec)

MariaDB [cstustudent]> CREATE TABLE students(
    -> Name VARCHAR(100),
    -> Roll VARCHAR(8),
    -> Phone VARCHAR(15),
    -> Email VARCHAR(100),
    -> Gender ENUM('Male', 'Female')
    -> );
Query OK, 0 rows affected (0.090 sec)

‚úçÔ∏è Insert Data (Sanjida & Bristy Version)
INSERT INTO students(Name, Roll, Phone, Email, Gender)
VALUES 
("Sanjida", "10", "01300000001", "sanjida@gmail.com", "Female"),
("Bristy", "11", "01700000002", "bristy@gmail.com", "Female");

üëÅÔ∏è Show Data
SELECT * FROM students;

Name	Roll	Phone	Email	Gender
Sanjida	10	01300000001	sanjida@gmail.com
	Female
Bristy	11	01700000002	bristy@gmail.com
	Female
üß† Task 1 ‚Äî CEO Table Practice (Updated)
INSERT INTO ceo (id, name, email, phone)
VALUES
(1, "Sanjida", "sanjida@gmail.com", "01300000001"),
(2, "Bristy", "bristy@gmail.com", "01700000002"),
(3, "Sweety", "sweety@gmail.com", "01200000003"),
(4, "Misty", "misty@gmail.com", "01300000004");

SELECT * FROM ceo;

id	name	email	phone
1	Sanjida	sanjida@gmail.com
	01300000001
2	Bristy	bristy@gmail.com
	01700000002
3	Sweety	sweety@gmail.com
	01200000003
4	Misty	misty@gmail.com
	01300000004
üñ•Ô∏è Full MariaDB Terminal Practice
Microsoft Windows [Version 10.0.22631.6060]
(c) Microsoft Corporation. All rights reserved.

C:\Users\USER>mysql -u root
Welcome to the MariaDB monitor.  Commands end with ; or \g.
Your MariaDB connection id is 9
Server version: 10.4.32-MariaDB mariadb.org binary distribution

MariaDB [(none)]> SHOW DATABASE;
ERROR 1064 (42000): You have an error in your SQL syntax;
MariaDB [(none)]> SHOW DATABASES;
+--------------------+
| Database           |
+--------------------+
| ecommerce          |
| information_schema |
| mysql              |
| performance_schema |
| phpmyadmin         |
| test               |
+--------------------+
6 rows in set (0.038 sec)

MariaDB [(none)]> CREATE DATABASE sbgem;
Query OK, 1 row affected (0.002 sec)

MariaDB [(none)]> USE sbgem;
Database changed

MariaDB [sbgem]> CREATE TABLE students(
    -> name VARCHAR(100),
    -> phone VARCHAR(15),
    -> email VARCHAR(100),
    -> roll VARCHAR(10),
    -> class ENUM('1','2','3','4','5','6','7','8','9'));
Query OK, 0 rows affected (0.043 sec)

MariaDB [sbgem]> INSERT INTO students(name,phone,email)
    -> VALUES
    -> ("Sanjida","013#######","sanjida@gmail.com"),
    -> ("Bristy","017#######","bristy@gmail.com"),
    -> ("Sweety","012#######","sweety@gmail.com"),
    -> ("Misty","013#######","misty@gmail.com");
Query OK, 4 rows affected (0.091 sec)

MariaDB [sbgem]> SELECT * FROM students;
+---------+------------+-------------------+------+-------+
| name    | phone      | email             | roll | class |
+---------+------------+-------------------+------+-------+
| Sanjida | 013####### | sanjida@gmail.com | NULL | NULL  |
| Bristy  | 017####### | bristy@gmail.com  | NULL | NULL  |
| Sweety  | 012####### | sweety@gmail.com  | NULL | NULL  |
| Misty   | 013####### | misty@gmail.com   | NULL | NULL  |
+---------+------------+-------------------+------+-------+
4 rows in set (0.001 sec)

‚úÖ Summary

Data Types ‡¶ì Binary Concept ‡¶∂‡¶ø‡¶ñ‡ßá‡¶õ‡¶ø

Database ‡¶ì Table ‡¶§‡ßà‡¶∞‡¶ø ‡¶ï‡¶∞‡ßá‡¶õ‡¶ø

Sanjida ‡¶ì Bristy‚Äì‡¶∞ ‡¶§‡¶•‡ßç‡¶Ø ‡¶¶‡¶ø‡ßü‡ßá Data Insert ‡¶ï‡¶∞‡ßá‡¶õ‡¶ø

Terminal Output ‡¶™‡ßÅ‡¶∞‡ßã‡¶™‡ßÅ‡¶∞‡¶ø ‡¶™‡ßç‡¶∞‡ßç‡¶Ø‡¶æ‡¶ï‡¶ü‡¶ø‡¶ï‡ßç‡¶Ø‡¶æ‡¶≤ ‡¶¶‡ßá‡¶ñ‡¶æ ‡¶π‡ßü‡ßá‡¶õ‡ßá

‚ú® Prepared by: Sanjida & Bristy
üìÖ Course: Database Management System
