# üè´ Class 1 ‚Äî Introduction to DBMS

## 1Ô∏è‚É£ Termux Setup for Database

- Termux ‡¶á‡¶®‡ßç‡¶∏‡¶ü‡¶≤ ‡¶ï‡¶∞‡ßã  
- MariaDB ‡¶¨‡¶æ MySQL ‡¶™‡ßç‡¶Ø‡¶æ‡¶ï‡ßá‡¶ú ‡¶á‡¶®‡ßç‡¶∏‡¶ü‡¶≤ ‡¶ï‡¶∞‡ßã:  
```bash
pkg install mariadb
```
- ‡¶∏‡¶æ‡¶∞‡ßç‡¶≠‡¶æ‡¶∞ ‡¶∏‡ßç‡¶ü‡¶æ‡¶∞‡ßç‡¶ü ‡¶ï‡¶∞‡ßã:  
```bash
mysqld_safe &
```
- MariaDB ‡¶è ‡¶™‡ßç‡¶∞‡¶¨‡ßá‡¶∂ ‡¶ï‡¶∞‡ßã:  
```bash
mysql -u root
```

> ‡¶è‡¶ñ‡¶® ‡¶§‡ßÅ‡¶Æ‡¶ø Database ‡¶§‡ßà‡¶∞‡¶ø ‡¶è‡¶¨‡¶Ç SQL commands ‡¶¨‡ßç‡¶Ø‡¶¨‡¶π‡¶æ‡¶∞ ‡¶ï‡¶∞‡¶§‡ßá ‡¶™‡ßç‡¶∞‡¶∏‡ßç‡¶§‡ßÅ‡¶§‡•§  

---

## 2Ô∏è‚É£ What is DBMS?

**DBMS (Database Management System)** ‚Üí ‡¶è‡¶Æ‡¶® software ‡¶Ø‡¶æ ‡¶°‡¶æ‡¶ü‡¶æ‡¶ï‡ßá **store, manage ‡¶è‡¶¨‡¶Ç organize** ‡¶ï‡¶∞‡ßá‡•§  

### Key Points:
- ‡¶°‡¶æ‡¶ü‡¶æ ‡¶∏‡¶Ç‡¶∞‡¶ï‡ßç‡¶∑‡¶£ ‡¶ï‡¶∞‡ßá **efficient ‡¶è‡¶¨‡¶Ç secure** ‡¶≠‡¶æ‡¶¨‡ßá‡•§  
- SQL ‡¶¨‡ßç‡¶Ø‡¶¨‡¶π‡¶æ‡¶∞ ‡¶ï‡¶∞‡ßá ‡¶°‡¶æ‡¶ü‡¶æ **query ‡¶è‡¶¨‡¶Ç manipulate** ‡¶ï‡¶∞‡¶æ ‡¶Ø‡¶æ‡ßü‡•§  
- ‡¶â‡¶¶‡¶æ‡¶π‡¶∞‡¶£: MySQL, MariaDB, PostgreSQL, Oracle DB  

---

## 3Ô∏è‚É£ Why DBMS?

- ‡¶°‡¶æ‡¶ü‡¶æ‡¶∞ **consistency** ‡¶ì **integrity** ‡¶¨‡¶ú‡¶æ‡ßü ‡¶∞‡¶æ‡¶ñ‡ßá  
- ‡¶°‡¶æ‡¶ü‡¶æ‡¶∞ **security** ‡¶®‡¶ø‡¶∂‡ßç‡¶ö‡¶ø‡¶§ ‡¶ï‡¶∞‡ßá  
- ‡¶∏‡¶π‡¶ú‡ßá **search, update, delete** ‡¶ï‡¶∞‡¶æ ‡¶Ø‡¶æ‡ßü  

> ‚úÖ DBMS ‡¶∂‡ßá‡¶ñ‡¶æ‡¶∞ ‡¶Æ‡¶æ‡¶ß‡ßç‡¶Ø‡¶Æ‡ßá ‡¶§‡ßÅ‡¶Æ‡¶ø Structured Data handle ‡¶ï‡¶∞‡¶§‡ßá ‡¶™‡¶æ‡¶∞‡¶¨‡ßá ‡¶è‡¶¨‡¶Ç real-world applications ‡¶è ‡¶ï‡¶æ‡¶ú ‡¶ï‡¶∞‡¶§‡ßá ‡¶™‡¶æ‡¶∞‡¶¨‡ßá‡•§


# üè´ Class 2 ‚Äî Step by Step Database Tutorial

Step by Step ‡¶ó‡¶æ‡¶á‡¶° ‡¶Ü‡¶Æ‡¶æ‡¶¶‡ßá‡¶∞ **Database ‡¶è‡¶¨‡¶Ç Table ‡¶§‡ßà‡¶∞‡¶ø** ‡¶ï‡¶∞‡¶æ‡¶∞ ‡¶ú‡¶®‡ßç‡¶Ø‡•§  

---

## üìù ‡¶Ü‡¶Æ‡¶æ‡¶¶‡ßá‡¶∞ ‡¶ï‡¶æ‡¶ú

### 1Ô∏è‚É£ Database ‡¶§‡ßà‡¶∞‡¶ø ‡¶ï‡¶∞‡¶æ
**Cmd:**  
```sql
SHOW databases;
```
> ‡¶è‡¶á ‡¶ï‡¶Æ‡¶æ‡¶®‡ßç‡¶° ‡¶¶‡¶ø‡¶Ø‡¶º‡ßá ‡¶Ü‡¶ó‡ßá ‡¶•‡ßá‡¶ï‡ßá ‡¶•‡¶æ‡¶ï‡¶æ ‡¶°‡¶æ‡¶ü‡¶æ‡¶¨‡ßá‡¶∏‡¶ó‡ßÅ‡¶≤‡ßã ‡¶¶‡ßá‡¶ñ‡¶æ ‡¶Ø‡¶æ‡¶Ø‡¶º‡•§  

**Cmd (‡¶®‡¶§‡ßÅ‡¶® Database ‡¶§‡ßà‡¶∞‡¶ø ‡¶ï‡¶∞‡¶æ‡¶∞ ‡¶ú‡¶®‡ßç‡¶Ø):**  
```sql
CREATE DATABASE DatabaseName;
```
> ‡¶è‡¶ñ‡¶æ‡¶®‡ßá `DatabaseName` ‡¶è‡¶∞ ‡¶ú‡¶æ‡ßü‡¶ó‡¶æ‡ßü ‡¶®‡¶ø‡¶ú‡ßá‡¶∞ ‡¶°‡¶æ‡¶ü‡¶æ‡¶¨‡ßá‡¶∏‡ßá‡¶∞ ‡¶®‡¶æ‡¶Æ ‡¶¨‡ßç‡¶Ø‡¶¨‡¶π‡¶æ‡¶∞ ‡¶ï‡¶∞‡¶¨‡ßá‡•§  

---

### 2Ô∏è‚É£ Database-‡¶è ‡¶™‡ßç‡¶∞‡¶¨‡ßá‡¶∂ ‡¶ï‡¶∞‡¶æ
**Cmd:**  
```sql
USE DatabaseName;
```
> ‡¶è‡¶ü‡¶ø ‡¶§‡ßã‡¶Æ‡¶æ‡¶ï‡ßá ‡¶®‡¶ø‡¶∞‡ßç‡¶¶‡¶ø‡¶∑‡ßç‡¶ü ‡¶°‡¶æ‡¶ü‡¶æ‡¶¨‡ßá‡¶∏‡ßá ‡¶™‡ßç‡¶∞‡¶¨‡ßá‡¶∂ ‡¶ï‡¶∞‡¶æ‡¶¨‡ßá‡•§  

---

### 3Ô∏è‚É£ ‡¶ü‡ßá‡¶¨‡¶ø‡¶≤ ‡¶§‡ßà‡¶∞‡¶ø ‡¶ï‡¶∞‡¶æ
**Cmd:**  
```sql
CREATE TABLE product(
    Name VARCHAR(100),
    Description VARCHAR(100),
    Price INT,
    Variant VARCHAR(100)
);
```
> ‡¶è‡¶á ‡¶ï‡¶Æ‡¶æ‡¶®‡ßç‡¶° ‡¶¶‡¶ø‡¶Ø‡¶º‡ßá `product` ‡¶®‡¶æ‡¶Æ‡ßá ‡¶è‡¶ï‡¶ü‡¶ø ‡¶ü‡ßá‡¶¨‡¶ø‡¶≤ ‡¶§‡ßà‡¶∞‡¶ø ‡¶π‡¶¨‡ßá‡•§  

**Cmd (‡¶ü‡ßá‡¶¨‡¶ø‡¶≤‡¶ó‡ßÅ‡¶≤‡ßã ‡¶¶‡ßá‡¶ñ‡¶æ‡¶®‡ßã‡¶∞ ‡¶ú‡¶®‡ßç‡¶Ø):**  
```sql
SHOW TABLES;
```
> ‡¶è‡¶á ‡¶ï‡¶Æ‡¶æ‡¶®‡ßç‡¶° ‡¶¶‡¶ø‡¶Ø‡¶º‡ßá ‡¶°‡¶æ‡¶ü‡¶æ‡¶¨‡ßá‡¶∏‡ßá‡¶∞ ‡¶∏‡¶¨ ‡¶ü‡ßá‡¶¨‡¶ø‡¶≤ ‡¶¶‡ßá‡¶ñ‡¶æ ‡¶Ø‡¶æ‡¶¨‡ßá‡•§  

---

## üîç Column Explanation

- **Name**  
  - ‡¶ü‡¶æ‡¶á‡¶™: `VARCHAR(100)`  
  - ‡¶¨‡ßç‡¶Ø‡¶æ‡¶ñ‡ßç‡¶Ø‡¶æ: ‡¶™‡ßç‡¶∞‡ßã‡¶°‡¶æ‡¶ï‡ßç‡¶ü‡ßá‡¶∞ ‡¶®‡¶æ‡¶Æ ‡¶∏‡¶Ç‡¶∞‡¶ï‡ßç‡¶∑‡¶£ ‡¶ï‡¶∞‡ßá‡•§  

- **Description**  
  - ‡¶ü‡¶æ‡¶á‡¶™: `VARCHAR(100)`  
  - ‡¶¨‡ßç‡¶Ø‡¶æ‡¶ñ‡ßç‡¶Ø‡¶æ: ‡¶™‡ßç‡¶∞‡ßã‡¶°‡¶æ‡¶ï‡ßç‡¶ü‡ßá‡¶∞ ‡¶¨‡¶ø‡¶∏‡ßç‡¶§‡¶æ‡¶∞‡¶ø‡¶§ ‡¶¨‡¶ø‡¶¨‡¶∞‡¶£‡•§  

- **Price**  
  - ‡¶ü‡¶æ‡¶á‡¶™: `INT`  
  - ‡¶¨‡ßç‡¶Ø‡¶æ‡¶ñ‡ßç‡¶Ø‡¶æ: ‡¶™‡ßç‡¶∞‡ßã‡¶°‡¶æ‡¶ï‡ßç‡¶ü‡ßá‡¶∞ ‡¶¶‡¶æ‡¶Æ‡•§  

- **Variant**  
  - ‡¶ü‡¶æ‡¶á‡¶™: `VARCHAR(100)`  
  - ‡¶¨‡ßç‡¶Ø‡¶æ‡¶ñ‡ßç‡¶Ø‡¶æ: ‡¶™‡ßç‡¶∞‡ßã‡¶°‡¶æ‡¶ï‡ßç‡¶ü‡ßá‡¶∞ ‡¶≠‡ßç‡¶Ø‡¶æ‡¶∞‡¶ø‡¶Ø‡¶º‡ßá‡¶®‡ßç‡¶ü, ‡¶Ø‡ßá‡¶Æ‡¶® ‡¶∞‡¶ô ‡¶¨‡¶æ ‡¶∏‡¶æ‡¶á‡¶ú‡•§  

---

## üí° Tips
- ‡¶∏‡¶¨ SQL ‡¶ï‡¶Æ‡¶æ‡¶®‡ßç‡¶° **`sql` ‡¶ï‡ßã‡¶° ‡¶¨‡ßç‡¶≤‡¶ï**-‡¶è ‡¶∞‡¶æ‡¶ñ‡¶≤‡ßá GitHub README-‡¶§‡ßá ‡¶∏‡ßÅ‡¶®‡ßç‡¶¶‡¶∞ ‡¶¶‡ßá‡¶ñ‡¶æ‡¶¨‡ßá‡•§  
- ‡¶°‡¶æ‡¶ü‡¶æ‡¶¨‡ßá‡¶∏ ‡¶®‡¶æ‡¶Æ ‡¶ì ‡¶ü‡ßá‡¶¨‡¶ø‡¶≤ ‡¶®‡¶æ‡¶Æ ‡¶õ‡ßã‡¶ü ‡¶π‡¶æ‡¶§‡ßá‡¶∞ ‡¶Ö‡¶ï‡ßç‡¶∑‡¶∞‡ßá ‡¶∞‡¶æ‡¶ñ‡¶≤‡ßá ‡¶ï‡ßã‡¶®‡ßã ‡¶∏‡¶Æ‡¶∏‡ßç‡¶Ø‡¶æ ‡¶π‡¶¨‡ßá ‡¶®‡¶æ‡•§  
- ‡¶™‡ßç‡¶∞‡ßü‡ßã‡¶ú‡¶®‡ßá `ALTER TABLE` ‡¶¶‡¶ø‡ßü‡ßá Column ‡¶Ø‡ßã‡¶ó ‡¶¨‡¶æ ‡¶™‡¶∞‡¶ø‡¶¨‡¶∞‡ßç‡¶§‡¶® ‡¶ï‡¶∞‡¶æ ‡¶Ø‡ßá‡¶§‡ßá ‡¶™‡¶æ‡¶∞‡ßá‡•§  

---

üéØ **Summary Steps**  
1. `SHOW databases` ‚Üí ‡¶°‡¶æ‡¶ü‡¶æ‡¶¨‡ßá‡¶∏ ‡¶¶‡ßá‡¶ñ‡¶æ  
2. `CREATE DATABASE` ‚Üí ‡¶®‡¶§‡ßÅ‡¶® ‡¶°‡¶æ‡¶ü‡¶æ‡¶¨‡ßá‡¶∏ ‡¶§‡ßà‡¶∞‡¶ø  
3. `USE` ‚Üí ‡¶°‡¶æ‡¶ü‡¶æ‡¶¨‡ßá‡¶∏‡ßá ‡¶™‡ßç‡¶∞‡¶¨‡ßá‡¶∂  
4. `CREATE TABLE` ‚Üí ‡¶ü‡ßá‡¶¨‡¶ø‡¶≤ ‡¶§‡ßà‡¶∞‡¶ø  
5. `SHOW TABLES` ‚Üí ‡¶ü‡ßá‡¶¨‡¶ø‡¶≤‡¶ó‡ßÅ‡¶≤‡ßã ‡¶¶‡ßá‡¶ñ‡ßã  

> ‡¶è‡¶¨‡¶æ‡¶∞ ‡¶§‡ßÅ‡¶Æ‡¶ø ‡¶®‡¶ø‡¶ú‡ßá‡¶∞ E-commerce Database ‡¶§‡ßà‡¶∞‡¶ø ‡¶ï‡¶∞‡¶§‡ßá ‡¶™‡ßç‡¶∞‡¶∏‡ßç‡¶§‡ßÅ‡¶§! üõíüíª

# üíª Class 3 ‚Äî Student Table in MariaDB

---

## üñ•Ô∏è Terminal Session Overview

```text
Microsoft Windows [Version 10.0.22631.6060]
(c) Microsoft Corporation. All rights reserved.

C:\Users\USER>mysql -u root
Welcome to the MariaDB monitor.  Commands end with ; or \g.
Your MariaDB connection id is 9
Server version: 10.4.32-MariaDB mariadb.org binary distribution

Type 'help;' or '\h' for help. Type '\c' to clear the current input statement.
```

---

## üîπ Show Existing Databases

```sql
SHOW DATABASES;
```

**Terminal Output:**
```text
+--------------------+
| Database           |
+--------------------+
| ecommerce          |
| information_schema |
| mysql              |
| performance_schema |
| phpmyadmin         |
| test               |
+--------------------+
6 rows in set (0.038 sec)
```

> ‚ùå ‡¶≠‡ßÅ‡¶≤ ‡¶ï‡¶Æ‡¶æ‡¶®‡ßç‡¶°‡ßá‡¶∞ ‡¶â‡¶¶‡¶æ‡¶π‡¶∞‡¶£:
```sql
SHOW DATABASE;
```
- Syntax Error ‡¶π‡ßü ‡¶ï‡¶æ‡¶∞‡¶£ ‡¶∏‡¶†‡¶ø‡¶ï ‡¶ï‡¶Æ‡¶æ‡¶®‡ßç‡¶° ‡¶π‡¶≤‡ßã `SHOW DATABASES;`

---

## üîπ Create New Database

```sql
CREATE DATABASE sbgem;
USE sbgem;
```

**Terminal Output:**
```text
Query OK, 1 row affected (0.002 sec)
Database changed
```

---

## üîπ Show Tables in Database

```sql
SHOW TABLES;
```

**Terminal Output:**
```text
Empty set (0.001 sec)
```

---

## üîπ Create `students` Table

```sql
CREATE TABLE students(
    name VARCHAR(100),
    phone VARCHAR(15),
    email VARCHAR(100),
    roll VARCHAR(10),
    class ENUM('1','2','3','4','5','6','7','8','9')
);
```

**Terminal Output:**
```text
Query OK, 0 rows affected (0.043 sec)
```

---

## üîπ Show Tables After Creation

```sql
SHOW TABLES;
```

**Terminal Output:**
```text
+-----------------+
| Tables_in_sbgem |
+-----------------+
| students        |
+-----------------+
1 row in set (0.001 sec)
```

---

## üîπ Describe Table Structure

```sql
DESCRIBE students;
```

**Terminal Output:**
```text
+-------+-------------------------------------------+------+-----+---------+-------+
| Field | Type                                      | Null | Key | Default | Extra |
+-------+-------------------------------------------+------+-----+---------+-------+
| name  | varchar(100)                              | YES  |     | NULL    |       |
| phone | varchar(15)                               | YES  |     | NULL    |       |
| email | varchar(100)                              | YES  |     | NULL    |       |
| roll  | varchar(10)                               | YES  |     | NULL    |       |
| class | enum('1','2','3','4','5','6','7','8','9') | YES  |     | NULL    |       |
+-------+-------------------------------------------+------+-----+---------+-------+
5 rows in set (0.089 sec)
```

---

## üîπ Insert Data into `students` Table

```sql
INSERT INTO students(name, phone, email)
VALUES
("sanjida","013#######","sa@gmail.com"),
("Bristy","017#######","br@gmail.com"),
("sweety","012#######","sw@gmail.com"),
("misty","013#######","mi@gmail.com");
```

**Terminal Output:**
```text
Query OK, 4 rows affected (0.091 sec)
Records: 4  Duplicates: 0  Warnings: 0
```

---

## üîπ Select Data from Table

```sql
SELECT * FROM students;
```

**Terminal Output:**
```text
+---------+------------+--------------+------+-------+
| name    | phone      | email        | roll | class |
+---------+------------+--------------+------+-------+
| sanjida | 013####### | sa@gmail.com | NULL | NULL  |
| Bristy  | 017####### | br@gmail.com | NULL | NULL  |
| sweety  | 012####### | sw@gmail.com | NULL | NULL  |
| misty   | 013####### | mi@gmail.com | NULL | NULL  |
+---------+------------+--------------+------+-------+
4 rows in set (0.001 sec)
```

---

> ‚úÖ **Summary:**  
‡¶è‡¶á ‡¶ï‡ßç‡¶≤‡¶æ‡¶∏‡ßá ‡¶Ü‡¶Æ‡¶∞‡¶æ ‡¶∂‡¶ø‡¶ñ‡ßá‡¶õ‡¶ø:  
- Database ‡¶§‡ßà‡¶∞‡¶ø ‡¶ì ‡¶¨‡ßç‡¶Ø‡¶¨‡¶π‡¶æ‡¶∞  
- Table ‡¶§‡ßà‡¶∞‡¶ø ‡¶ï‡¶∞‡¶æ (students)  
- Table structure ‡¶¶‡ßá‡¶ñ‡¶æ (`DESCRIBE`)  
- ‡¶°‡¶æ‡¶ü‡¶æ‡¶¨‡ßá‡¶∏‡ßá ‡¶°‡¶æ‡¶ü‡¶æ insert ‡¶ì select ‡¶ï‡¶∞‡¶æ  
- ENUM data type ‡¶è‡¶¨‡¶Ç VARCHAR ‡¶¨‡ßç‡¶Ø‡¶¨‡¶π‡¶æ‡¶∞  

---# üíª Class 3 ‚Äî Student Table in MariaDB

---

## üñ•Ô∏è Terminal Session Overview

```text
Microsoft Windows [Version 10.0.22631.6060]
(c) Microsoft Corporation. All rights reserved.

C:\Users\USER>mysql -u root
Welcome to the MariaDB monitor.  Commands end with ; or \g.
Your MariaDB connection id is 9
Server version: 10.4.32-MariaDB mariadb.org binary distribution

Type 'help;' or '\h' for help. Type '\c' to clear the current input statement.
```

---

## üîπ Show Existing Databases

```sql
SHOW DATABASES;
```

**Terminal Output:**
```text
+--------------------+
| Database           |
+--------------------+
| ecommerce          |
| information_schema |
| mysql              |
| performance_schema |
| phpmyadmin         |
| test               |
+--------------------+
6 rows in set (0.038 sec)
```

> ‚ùå ‡¶≠‡ßÅ‡¶≤ ‡¶ï‡¶Æ‡¶æ‡¶®‡ßç‡¶°‡ßá‡¶∞ ‡¶â‡¶¶‡¶æ‡¶π‡¶∞‡¶£:
```sql
SHOW DATABASE;
```
- Syntax Error ‡¶π‡ßü ‡¶ï‡¶æ‡¶∞‡¶£ ‡¶∏‡¶†‡¶ø‡¶ï ‡¶ï‡¶Æ‡¶æ‡¶®‡ßç‡¶° ‡¶π‡¶≤‡ßã `SHOW DATABASES;`

---

## üîπ Create New Database

```sql
CREATE DATABASE sbgem;
USE sbgem;
```

**Terminal Output:**
```text
Query OK, 1 row affected (0.002 sec)
Database changed
```

---

## üîπ Show Tables in Database

```sql
SHOW TABLES;
```

**Terminal Output:**
```text
Empty set (0.001 sec)
```

---

## üîπ Create `students` Table

```sql
CREATE TABLE students(
    name VARCHAR(100),
    phone VARCHAR(15),
    email VARCHAR(100),
    roll VARCHAR(10),
    class ENUM('1','2','3','4','5','6','7','8','9')
);
```

**Terminal Output:**
```text
Query OK, 0 rows affected (0.043 sec)
```

---

## üîπ Show Tables After Creation

```sql
SHOW TABLES;
```

**Terminal Output:**
```text
+-----------------+
| Tables_in_sbgem |
+-----------------+
| students        |
+-----------------+
1 row in set (0.001 sec)
```

---

## üîπ Describe Table Structure

```sql
DESCRIBE students;
```

**Terminal Output:**
```text
+-------+-------------------------------------------+------+-----+---------+-------+
| Field | Type                                      | Null | Key | Default | Extra |
+-------+-------------------------------------------+------+-----+---------+-------+
| name  | varchar(100)                              | YES  |     | NULL    |       |
| phone | varchar(15)                               | YES  |     | NULL    |       |
| email | varchar(100)                              | YES  |     | NULL    |       |
| roll  | varchar(10)                               | YES  |     | NULL    |       |
| class | enum('1','2','3','4','5','6','7','8','9') | YES  |     | NULL    |       |
+-------+-------------------------------------------+------+-----+---------+-------+
5 rows in set (0.089 sec)
```

---

## üîπ Insert Data into `students` Table

```sql
INSERT INTO students(name, phone, email)
VALUES
("sanjida","013#######","sa@gmail.com"),
("Bristy","017#######","br@gmail.com"),
("sweety","012#######","sw@gmail.com"),
("misty","013#######","mi@gmail.com");
```

**Terminal Output:**
```text
Query OK, 4 rows affected (0.091 sec)
Records: 4  Duplicates: 0  Warnings: 0
```

---

## üîπ Select Data from Table

```sql
SELECT * FROM students;
```

**Terminal Output:**
```text
+---------+------------+--------------+------+-------+
| name    | phone      | email        | roll | class |
+---------+------------+--------------+------+-------+
| sanjida | 013####### | sa@gmail.com | NULL | NULL  |
| Bristy  | 017####### | br@gmail.com | NULL | NULL  |
| sweety  | 012####### | sw@gmail.com | NULL | NULL  |
| misty   | 013####### | mi@gmail.com | NULL | NULL  |
+---------+------------+--------------+------+-------+
4 rows in set (0.001 sec)
```

---

> ‚úÖ **Summary:**  
‡¶è‡¶á ‡¶ï‡ßç‡¶≤‡¶æ‡¶∏‡ßá ‡¶Ü‡¶Æ‡¶∞‡¶æ ‡¶∂‡¶ø‡¶ñ‡ßá‡¶õ‡¶ø:  
- Database ‡¶§‡ßà‡¶∞‡¶ø ‡¶ì ‡¶¨‡ßç‡¶Ø‡¶¨‡¶π‡¶æ‡¶∞  
- Table ‡¶§‡ßà‡¶∞‡¶ø ‡¶ï‡¶∞‡¶æ (students)  
- Table structure ‡¶¶‡ßá‡¶ñ‡¶æ (`DESCRIBE`)  
- ‡¶°‡¶æ‡¶ü‡¶æ‡¶¨‡ßá‡¶∏‡ßá ‡¶°‡¶æ‡¶ü‡¶æ insert ‡¶ì select ‡¶ï‡¶∞‡¶æ  
- ENUM data type ‡¶è‡¶¨‡¶Ç VARCHAR ‡¶¨‡ßç‡¶Ø‡¶¨‡¶π‡¶æ‡¶∞  

---
