# ЁЯПл Class 1 тАФ Introduction to DBMS

## 1я╕ПтГг Termux Setup for Database

- Termux ржЗржирзНрж╕ржЯрж▓ ржХрж░рзЛ  
- MariaDB ржмрж╛ MySQL ржкрзНржпрж╛ржХрзЗржЬ ржЗржирзНрж╕ржЯрж▓ ржХрж░рзЛ:  
```bash
pkg install mariadb
```
- рж╕рж╛рж░рзНржнрж╛рж░ рж╕рзНржЯрж╛рж░рзНржЯ ржХрж░рзЛ:  
```bash
mysqld_safe &
```
- MariaDB ржП ржкрзНрж░ржмрзЗрж╢ ржХрж░рзЛ:  
```bash
mysql -u root
```

> ржПржЦржи рждрзБржорж┐ Database рждрзИрж░рж┐ ржПржмржВ SQL commands ржмрзНржпржмрж╣рж╛рж░ ржХрж░рждрзЗ ржкрзНрж░рж╕рзНрждрзБрждред  

---

## 2я╕ПтГг What is DBMS?

**DBMS (Database Management System)** тЖТ ржПржоржи software ржпрж╛ ржбрж╛ржЯрж╛ржХрзЗ **store, manage ржПржмржВ organize** ржХрж░рзЗред  

### Key Points:
- ржбрж╛ржЯрж╛ рж╕ржВрж░ржХрзНрж╖ржг ржХрж░рзЗ **efficient ржПржмржВ secure** ржнрж╛ржмрзЗред  
- SQL ржмрзНржпржмрж╣рж╛рж░ ржХрж░рзЗ ржбрж╛ржЯрж╛ **query ржПржмржВ manipulate** ржХрж░рж╛ ржпрж╛рзЯред  
- ржЙржжрж╛рж╣рж░ржг: MySQL, MariaDB, PostgreSQL, Oracle DB  

---

## 3я╕ПтГг Why DBMS?

- ржбрж╛ржЯрж╛рж░ **consistency** ржУ **integrity** ржмржЬрж╛рзЯ рж░рж╛ржЦрзЗ  
- ржбрж╛ржЯрж╛рж░ **security** ржирж┐рж╢рзНржЪрж┐ржд ржХрж░рзЗ  
- рж╕рж╣ржЬрзЗ **search, update, delete** ржХрж░рж╛ ржпрж╛рзЯ  

> тЬЕ DBMS рж╢рзЗржЦрж╛рж░ ржорж╛ржзрзНржпржорзЗ рждрзБржорж┐ Structured Data handle ржХрж░рждрзЗ ржкрж╛рж░ржмрзЗ ржПржмржВ real-world applications ржП ржХрж╛ржЬ ржХрж░рждрзЗ ржкрж╛рж░ржмрзЗред


# ЁЯПл Class 2 тАФ Step by Step Database Tutorial

Step by Step ржЧрж╛ржЗржб ржЖржорж╛ржжрзЗрж░ **Database ржПржмржВ Table рждрзИрж░рж┐** ржХрж░рж╛рж░ ржЬржирзНржпред  

---

## ЁЯУЭ ржЖржорж╛ржжрзЗрж░ ржХрж╛ржЬ

### 1я╕ПтГг Database рждрзИрж░рж┐ ржХрж░рж╛
**Cmd:**  
```sql
SHOW databases;
```
> ржПржЗ ржХржорж╛ржирзНржб ржжрж┐ржпрж╝рзЗ ржЖржЧрзЗ ржерзЗржХрзЗ ржерж╛ржХрж╛ ржбрж╛ржЯрж╛ржмрзЗрж╕ржЧрзБрж▓рзЛ ржжрзЗржЦрж╛ ржпрж╛ржпрж╝ред  

**Cmd (ржирждрзБржи Database рждрзИрж░рж┐ ржХрж░рж╛рж░ ржЬржирзНржп):**  
```sql
CREATE DATABASE DatabaseName;
```
> ржПржЦрж╛ржирзЗ `DatabaseName` ржПрж░ ржЬрж╛рзЯржЧрж╛рзЯ ржирж┐ржЬрзЗрж░ ржбрж╛ржЯрж╛ржмрзЗрж╕рзЗрж░ ржирж╛ржо ржмрзНржпржмрж╣рж╛рж░ ржХрж░ржмрзЗред  

---

### 2я╕ПтГг Database-ржП ржкрзНрж░ржмрзЗрж╢ ржХрж░рж╛
**Cmd:**  
```sql
USE DatabaseName;
```
> ржПржЯрж┐ рждрзЛржорж╛ржХрзЗ ржирж┐рж░рзНржжрж┐рж╖рзНржЯ ржбрж╛ржЯрж╛ржмрзЗрж╕рзЗ ржкрзНрж░ржмрзЗрж╢ ржХрж░рж╛ржмрзЗред  

---

### 3я╕ПтГг ржЯрзЗржмрж┐рж▓ рждрзИрж░рж┐ ржХрж░рж╛
**Cmd:**  
```sql
CREATE TABLE product(
    Name VARCHAR(100),
    Description VARCHAR(100),
    Price INT,
    Variant VARCHAR(100)
);
```
> ржПржЗ ржХржорж╛ржирзНржб ржжрж┐ржпрж╝рзЗ `product` ржирж╛ржорзЗ ржПржХржЯрж┐ ржЯрзЗржмрж┐рж▓ рждрзИрж░рж┐ рж╣ржмрзЗред  

**Cmd (ржЯрзЗржмрж┐рж▓ржЧрзБрж▓рзЛ ржжрзЗржЦрж╛ржирзЛрж░ ржЬржирзНржп):**  
```sql
SHOW TABLES;
```
> ржПржЗ ржХржорж╛ржирзНржб ржжрж┐ржпрж╝рзЗ ржбрж╛ржЯрж╛ржмрзЗрж╕рзЗрж░ рж╕ржм ржЯрзЗржмрж┐рж▓ ржжрзЗржЦрж╛ ржпрж╛ржмрзЗред  

---

## ЁЯФН Column Explanation

- **Name**  
  - ржЯрж╛ржЗржк: `VARCHAR(100)`  
  - ржмрзНржпрж╛ржЦрзНржпрж╛: ржкрзНрж░рзЛржбрж╛ржХрзНржЯрзЗрж░ ржирж╛ржо рж╕ржВрж░ржХрзНрж╖ржг ржХрж░рзЗред  

- **Description**  
  - ржЯрж╛ржЗржк: `VARCHAR(100)`  
  - ржмрзНржпрж╛ржЦрзНржпрж╛: ржкрзНрж░рзЛржбрж╛ржХрзНржЯрзЗрж░ ржмрж┐рж╕рзНрждрж╛рж░рж┐ржд ржмрж┐ржмрж░ржгред  

- **Price**  
  - ржЯрж╛ржЗржк: `INT`  
  - ржмрзНржпрж╛ржЦрзНржпрж╛: ржкрзНрж░рзЛржбрж╛ржХрзНржЯрзЗрж░ ржжрж╛ржоред  

- **Variant**  
  - ржЯрж╛ржЗржк: `VARCHAR(100)`  
  - ржмрзНржпрж╛ржЦрзНржпрж╛: ржкрзНрж░рзЛржбрж╛ржХрзНржЯрзЗрж░ ржнрзНржпрж╛рж░рж┐ржпрж╝рзЗржирзНржЯ, ржпрзЗржоржи рж░ржЩ ржмрж╛ рж╕рж╛ржЗржЬред  

---

## ЁЯТб Tips
- рж╕ржм SQL ржХржорж╛ржирзНржб **`sql` ржХрзЛржб ржмрзНрж▓ржХ**-ржП рж░рж╛ржЦрж▓рзЗ GitHub README-рждрзЗ рж╕рзБржирзНржжрж░ ржжрзЗржЦрж╛ржмрзЗред  
- ржбрж╛ржЯрж╛ржмрзЗрж╕ ржирж╛ржо ржУ ржЯрзЗржмрж┐рж▓ ржирж╛ржо ржЫрзЛржЯ рж╣рж╛рждрзЗрж░ ржЕржХрзНрж╖рж░рзЗ рж░рж╛ржЦрж▓рзЗ ржХрзЛржирзЛ рж╕ржорж╕рзНржпрж╛ рж╣ржмрзЗ ржирж╛ред  
- ржкрзНрж░рзЯрзЛржЬржирзЗ `ALTER TABLE` ржжрж┐рзЯрзЗ Column ржпрзЛржЧ ржмрж╛ ржкрж░рж┐ржмрж░рзНрждржи ржХрж░рж╛ ржпрзЗрждрзЗ ржкрж╛рж░рзЗред  

---

ЁЯОп **Summary Steps**  
1. `SHOW databases` тЖТ ржбрж╛ржЯрж╛ржмрзЗрж╕ ржжрзЗржЦрж╛  
2. `CREATE DATABASE` тЖТ ржирждрзБржи ржбрж╛ржЯрж╛ржмрзЗрж╕ рждрзИрж░рж┐  
3. `USE` тЖТ ржбрж╛ржЯрж╛ржмрзЗрж╕рзЗ ржкрзНрж░ржмрзЗрж╢  
4. `CREATE TABLE` тЖТ ржЯрзЗржмрж┐рж▓ рждрзИрж░рж┐  
5. `SHOW TABLES` тЖТ ржЯрзЗржмрж┐рж▓ржЧрзБрж▓рзЛ ржжрзЗржЦрзЛ  

> ржПржмрж╛рж░ рждрзБржорж┐ ржирж┐ржЬрзЗрж░ E-commerce Database рждрзИрж░рж┐ ржХрж░рждрзЗ ржкрзНрж░рж╕рзНрждрзБржд! ЁЯЫТЁЯТ╗

# ЁЯТ╗ Class 3 тАФ Student Table in MariaDB

---

## ЁЯЦея╕П Terminal Session Overview

```text
Microsoft Windows [Version 10.0.22631.6060]
(c) Microsoft Corporation. All rights reserved.

C:\Users\USER>mysql -u root
Welcome to the MariaDB monitor.  Commands end with ; or \g.
Your MariaDB connection id is 9
Server version: 10.4.32-MariaDB mariadb.org binary distribution

Type 'help;' or '\h' for help. Type '\c' to clear the current input statement.
```

---

## ЁЯФ╣ Show Existing Databases

```sql
SHOW DATABASES;
```

**Terminal Output:**
```text
+--------------------+
| Database           |
+--------------------+
| ecommerce          |
| information_schema |
| mysql              |
| performance_schema |
| phpmyadmin         |
| test               |
+--------------------+
6 rows in set (0.038 sec)
```

> тЭМ ржнрзБрж▓ ржХржорж╛ржирзНржбрзЗрж░ ржЙржжрж╛рж╣рж░ржг:
```sql
SHOW DATABASE;
```
- Syntax Error рж╣рзЯ ржХрж╛рж░ржг рж╕ржарж┐ржХ ржХржорж╛ржирзНржб рж╣рж▓рзЛ `SHOW DATABASES;`

---

## ЁЯФ╣ Create New Database

```sql
CREATE DATABASE sbgem;
USE sbgem;
```

**Terminal Output:**
```text
Query OK, 1 row affected (0.002 sec)
Database changed
```

---

## ЁЯФ╣ Show Tables in Database

```sql
SHOW TABLES;
```

**Terminal Output:**
```text
Empty set (0.001 sec)
```

---

## ЁЯФ╣ Create `students` Table

```sql
CREATE TABLE students(
    name VARCHAR(100),
    phone VARCHAR(15),
    email VARCHAR(100),
    roll VARCHAR(10),
    class ENUM('1','2','3','4','5','6','7','8','9')
);
```

**Terminal Output:**
```text
Query OK, 0 rows affected (0.043 sec)
```

---

## ЁЯФ╣ Show Tables After Creation

```sql
SHOW TABLES;
```

**Terminal Output:**
```text
+-----------------+
| Tables_in_sbgem |
+-----------------+
| students        |
+-----------------+
1 row in set (0.001 sec)
```

---

## ЁЯФ╣ Describe Table Structure

```sql
DESCRIBE students;
```

**Terminal Output:**
```text
+-------+-------------------------------------------+------+-----+---------+-------+
| Field | Type                                      | Null | Key | Default | Extra |
+-------+-------------------------------------------+------+-----+---------+-------+
| name  | varchar(100)                              | YES  |     | NULL    |       |
| phone | varchar(15)                               | YES  |     | NULL    |       |
| email | varchar(100)                              | YES  |     | NULL    |       |
| roll  | varchar(10)                               | YES  |     | NULL    |       |
| class | enum('1','2','3','4','5','6','7','8','9') | YES  |     | NULL    |       |
+-------+-------------------------------------------+------+-----+---------+-------+
5 rows in set (0.089 sec)
```

---

## ЁЯФ╣ Insert Data into `students` Table

```sql
INSERT INTO students(name, phone, email)
VALUES
("sanjida","013#######","sa@gmail.com"),
("Bristy","017#######","br@gmail.com"),
("sweety","012#######","sw@gmail.com"),
("misty","013#######","mi@gmail.com");
```

**Terminal Output:**
```text
Query OK, 4 rows affected (0.091 sec)
Records: 4  Duplicates: 0  Warnings: 0
```

---

## ЁЯФ╣ Select Data from Table

```sql
SELECT * FROM students;
```

**Terminal Output:**
```text
+---------+------------+--------------+------+-------+
| name    | phone      | email        | roll | class |
+---------+------------+--------------+------+-------+
| sanjida | 013####### | sa@gmail.com | NULL | NULL  |
| Bristy  | 017####### | br@gmail.com | NULL | NULL  |
| sweety  | 012####### | sw@gmail.com | NULL | NULL  |
| misty   | 013####### | mi@gmail.com | NULL | NULL  |
+---------+------------+--------------+------+-------+
4 rows in set (0.001 sec)
```

---

> тЬЕ **Summary:**  
ржПржЗ ржХрзНрж▓рж╛рж╕рзЗ ржЖржорж░рж╛ рж╢рж┐ржЦрзЗржЫрж┐:  
- Database рждрзИрж░рж┐ ржУ ржмрзНржпржмрж╣рж╛рж░  
- Table рждрзИрж░рж┐ ржХрж░рж╛ (students)  
- Table structure ржжрзЗржЦрж╛ (`DESCRIBE`)  
- ржбрж╛ржЯрж╛ржмрзЗрж╕рзЗ ржбрж╛ржЯрж╛ insert ржУ select ржХрж░рж╛  
- ENUM data type ржПржмржВ VARCHAR ржмрзНржпржмрж╣рж╛рж░  

---# ЁЯТ╗ Class 3 тАФ Student Table in MariaDB

---

## ЁЯЦея╕П Terminal Session Overview

```text
Microsoft Windows [Version 10.0.22631.6060]
(c) Microsoft Corporation. All rights reserved.

C:\Users\USER>mysql -u root
Welcome to the MariaDB monitor.  Commands end with ; or \g.
Your MariaDB connection id is 9
Server version: 10.4.32-MariaDB mariadb.org binary distribution

Type 'help;' or '\h' for help. Type '\c' to clear the current input statement.
```

---

## ЁЯФ╣ Show Existing Databases

```sql
SHOW DATABASES;
```

**Terminal Output:**
```text
+--------------------+
| Database           |
+--------------------+
| ecommerce          |
| information_schema |
| mysql              |
| performance_schema |
| phpmyadmin         |
| test               |
+--------------------+
6 rows in set (0.038 sec)
```

> тЭМ ржнрзБрж▓ ржХржорж╛ржирзНржбрзЗрж░ ржЙржжрж╛рж╣рж░ржг:
```sql
SHOW DATABASE;
```
- Syntax Error рж╣рзЯ ржХрж╛рж░ржг рж╕ржарж┐ржХ ржХржорж╛ржирзНржб рж╣рж▓рзЛ `SHOW DATABASES;`

---

## ЁЯФ╣ Create New Database

```sql
CREATE DATABASE sbgem;
USE sbgem;
```

**Terminal Output:**
```text
Query OK, 1 row affected (0.002 sec)
Database changed
```

---

## ЁЯФ╣ Show Tables in Database

```sql
SHOW TABLES;
```

**Terminal Output:**
```text
Empty set (0.001 sec)
```

---

## ЁЯФ╣ Create `students` Table

```sql
CREATE TABLE students(
    name VARCHAR(100),
    phone VARCHAR(15),
    email VARCHAR(100),
    roll VARCHAR(10),
    class ENUM('1','2','3','4','5','6','7','8','9')
);
```

**Terminal Output:**
```text
Query OK, 0 rows affected (0.043 sec)
```

---

## ЁЯФ╣ Show Tables After Creation

```sql
SHOW TABLES;
```

**Terminal Output:**
```text
+-----------------+
| Tables_in_sbgem |
+-----------------+
| students        |
+-----------------+
1 row in set (0.001 sec)
```

---

## ЁЯФ╣ Describe Table Structure

```sql
DESCRIBE students;
```

**Terminal Output:**
```text
+-------+-------------------------------------------+------+-----+---------+-------+
| Field | Type                                      | Null | Key | Default | Extra |
+-------+-------------------------------------------+------+-----+---------+-------+
| name  | varchar(100)                              | YES  |     | NULL    |       |
| phone | varchar(15)                               | YES  |     | NULL    |       |
| email | varchar(100)                              | YES  |     | NULL    |       |
| roll  | varchar(10)                               | YES  |     | NULL    |       |
| class | enum('1','2','3','4','5','6','7','8','9') | YES  |     | NULL    |       |
+-------+-------------------------------------------+------+-----+---------+-------+
5 rows in set (0.089 sec)
```

---

## ЁЯФ╣ Insert Data into `students` Table

```sql
INSERT INTO students(name, phone, email)
VALUES
("sanjida","013#######","sa@gmail.com"),
("Bristy","017#######","br@gmail.com"),
("sweety","012#######","sw@gmail.com"),
("misty","013#######","mi@gmail.com");
```

**Terminal Output:**
```text
Query OK, 4 rows affected (0.091 sec)
Records: 4  Duplicates: 0  Warnings: 0
```

---

## ЁЯФ╣ Select Data from Table

```sql
SELECT * FROM students;
```

**Terminal Output:**
```text
+---------+------------+--------------+------+-------+
| name    | phone      | email        | roll | class |
+---------+------------+--------------+------+-------+
| sanjida | 013####### | sa@gmail.com | NULL | NULL  |
| Bristy  | 017####### | br@gmail.com | NULL | NULL  |
| sweety  | 012####### | sw@gmail.com | NULL | NULL  |
| misty   | 013####### | mi@gmail.com | NULL | NULL  |
+---------+------------+--------------+------+-------+
4 rows in set (0.001 sec)
```

---

> тЬЕ **Summary:**  
ржПржЗ ржХрзНрж▓рж╛рж╕рзЗ ржЖржорж░рж╛ рж╢рж┐ржЦрзЗржЫрж┐:  
- Database рждрзИрж░рж┐ ржУ ржмрзНржпржмрж╣рж╛рж░  
- Table рждрзИрж░рж┐ ржХрж░рж╛ (students)  
- Table structure ржжрзЗржЦрж╛ (`DESCRIBE`)  
- ржбрж╛ржЯрж╛ржмрзЗрж╕рзЗ ржбрж╛ржЯрж╛ insert ржУ select ржХрж░рж╛  
- ENUM data type ржПржмржВ VARCHAR ржмрзНржпржмрж╣рж╛рж░  

---

---


# ЁЯУШ **Class 4 тАФ INSERT, SELECT, ALTER TABLE**

## ЁЯзй **Topic:** `INSERT`, `SELECT`, `ALTER TABLE`

---

## ЁЯФ╣ **рж╕ржм ржХрж▓рж╛ржо SELECT ржХрж░рж╛**
```sql
SELECT * FROM TableName;
````

ЁЯУЦ **Example:**

```sql
SELECT * FROM students;
```

---

## ЁЯФ╣ **ржирж┐рж░рзНржжрж┐рж╖рзНржЯ ржХрж▓рж╛ржо SELECT ржХрж░рж╛**

```sql
SELECT column1, column2, ... FROM TableName;
```

ЁЯУЦ **Example:**

```sql
SELECT Name, Roll FROM students;
```

ЁЯТ╗ **Terminal View:**

```
MariaDB [cstustudent]> SELECT Name, Roll FROM students;
+---------+--------+
|  Name   |  Roll  |
+---------+--------+
| Brisrty |  100   |
+---------+--------+
1 row in set (0.012 sec)
```

---

## ЁЯФД **ржЯрзЗржмрж┐рж▓рзЗрж░ ржирж╛ржо ржкрж░рж┐ржмрж░рзНрждржи ржХрж░рж╛**

```sql
RENAME TABLE OldName TO NewName;
```

ЁЯУЦ **Example:**

```sql
RENAME TABLE students TO student_data;
```

ЁЯТ╗ **Terminal View:**

```
MariaDB [cstustudent]> RENAME TABLE students TO student_data;
Query OK, 0 rows affected (0.015 sec)

MariaDB [cstustudent]> SHOW TABLES;
+----------------------+
| Tables_in_cstustudent |
+----------------------+
| student_data         |
+----------------------+
1 row in set (0.002 sec)
```

---

## тЬПя╕П **ALTER TABLE тАФ ржХрж▓рж╛ржо ржкрж░рж┐ржмрж░рзНрждржи, ржпрзЛржЧ ржмрж╛ ржмрж╛ржж ржжрзЗржУрзЯрж╛**

### тЮХ **ржирждрзБржи ржХрж▓рж╛ржо ржпрзЛржЧ ржХрж░рж╛**

```sql
ALTER TABLE student_data ADD COLUMN Address VARCHAR(100);
```

### ЁЯзй **ржХрж▓рж╛ржорзЗрж░ ржирж╛ржо ржкрж░рж┐ржмрж░рзНрждржи ржХрж░рж╛**

```sql
ALTER TABLE student_data CHANGE COLUMN Roll StudentRoll VARCHAR(10);
```

### тЭМ **ржХрж▓рж╛ржо ржорзБржЫрзЗ ржлрзЗрж▓рж╛**

```sql
ALTER TABLE student_data DROP COLUMN Address;
```

---

## тЬЕ **Summary**

ржПржЗ ржХрзНрж▓рж╛рж╕рзЗ рждрзБржорж┐ рж╢рж┐ржЦрзЗржЫрзЛ тАФ

* ЁЯза `SELECT` ржжрж┐рзЯрзЗ ржбрж╛ржЯрж╛ ржжрзЗржЦрж╛
* ЁЯОп ржирж┐рж░рзНржжрж┐рж╖рзНржЯ ржХрж▓рж╛ржо ржмрж╛ржЫрж╛ржЗ ржХрж░рж╛
* ЁЯФД ржЯрзЗржмрж┐рж▓ `RENAME` ржХрж░рж╛
* ЁЯЫая╕П `ALTER TABLE` ржжрж┐рзЯрзЗ column **add**, **rename** ржмрж╛ **delete** ржХрж░рж╛

---

## ЁЯТб **Tip**

тЪЩя╕П Practice ржХрж░рж╛рж░ рж╕ржорзЯ рж╕ржм ржХржорж╛ржирзНржб **`;`** ржжрж┐рзЯрзЗ рж╢рзЗрж╖ ржХрж░ржмрзЗред

ЁЯЪл ржнрзБрж▓ ржмрж╛ржирж╛ржи ржпрзЗржоржи `FROLM` ржмрж╛ `databese` ржжрж┐рж▓рзЗ **syntax error** ржЖрж╕ржмрзЗред

---


