# üíª Class 3 ‚Äî Student Table in MariaDB

---

## üñ•Ô∏è Terminal Session Overview

```text
Microsoft Windows [Version 10.0.22631.6060]
(c) Microsoft Corporation. All rights reserved.

C:\Users\USER>mysql -u root
Welcome to the MariaDB monitor.  Commands end with ; or \g.
Your MariaDB connection id is 9
Server version: 10.4.32-MariaDB mariadb.org binary distribution

Type 'help;' or '\h' for help. Type '\c' to clear the current input statement.
```

---

## üîπ Show Existing Databases

```sql
SHOW DATABASES;
```

**Terminal Output:**
```text
+--------------------+
| Database           |
+--------------------+
| ecommerce          |
| information_schema |
| mysql              |
| performance_schema |
| phpmyadmin         |
| test               |
+--------------------+
6 rows in set (0.038 sec)
```

> ‚ùå ‡¶≠‡ßÅ‡¶≤ ‡¶ï‡¶Æ‡¶æ‡¶®‡ßç‡¶°‡ßá‡¶∞ ‡¶â‡¶¶‡¶æ‡¶π‡¶∞‡¶£:
```sql
SHOW DATABASE;
```
- Syntax Error ‡¶π‡ßü ‡¶ï‡¶æ‡¶∞‡¶£ ‡¶∏‡¶†‡¶ø‡¶ï ‡¶ï‡¶Æ‡¶æ‡¶®‡ßç‡¶° ‡¶π‡¶≤‡ßã `SHOW DATABASES;`

---

## üîπ Create New Database

```sql
CREATE DATABASE sbgem;
USE sbgem;
```

**Terminal Output:**
```text
Query OK, 1 row affected (0.002 sec)
Database changed
```

---

## üîπ Show Tables in Database

```sql
SHOW TABLES;
```

**Terminal Output:**
```text
Empty set (0.001 sec)
```

---

## üîπ Create `students` Table

```sql
CREATE TABLE students(
    name VARCHAR(100),
    phone VARCHAR(15),
    email VARCHAR(100),
    roll VARCHAR(10),
    class ENUM('1','2','3','4','5','6','7','8','9')
);
```

**Terminal Output:**
```text
Query OK, 0 rows affected (0.043 sec)
```

---

## üîπ Show Tables After Creation

```sql
SHOW TABLES;
```

**Terminal Output:**
```text
+-----------------+
| Tables_in_sbgem |
+-----------------+
| students        |
+-----------------+
1 row in set (0.001 sec)
```

---

## üîπ Describe Table Structure

```sql
DESCRIBE students;
```

**Terminal Output:**
```text
+-------+-------------------------------------------+------+-----+---------+-------+
| Field | Type                                      | Null | Key | Default | Extra |
+-------+-------------------------------------------+------+-----+---------+-------+
| name  | varchar(100)                              | YES  |     | NULL    |       |
| phone | varchar(15)                               | YES  |     | NULL    |       |
| email | varchar(100)                              | YES  |     | NULL    |       |
| roll  | varchar(10)                               | YES  |     | NULL    |       |
| class | enum('1','2','3','4','5','6','7','8','9') | YES  |     | NULL    |       |
+-------+-------------------------------------------+------+-----+---------+-------+
5 rows in set (0.089 sec)
```

---

## üîπ Insert Data into `students` Table

```sql
INSERT INTO students(name, phone, email)
VALUES
("sanjida","013#######","sa@gmail.com"),
("Bristy","017#######","br@gmail.com"),
("sweety","012#######","sw@gmail.com"),
("misty","013#######","mi@gmail.com");
```

**Terminal Output:**
```text
Query OK, 4 rows affected (0.091 sec)
Records: 4  Duplicates: 0  Warnings: 0
```

---

## üîπ Select Data from Table

```sql
SELECT * FROM students;
```

**Terminal Output:**
```text
+---------+------------+--------------+------+-------+
| name    | phone      | email        | roll | class |
+---------+------------+--------------+------+-------+
| sanjida | 013####### | sa@gmail.com | NULL | NULL  |
| Bristy  | 017####### | br@gmail.com | NULL | NULL  |
| sweety  | 012####### | sw@gmail.com | NULL | NULL  |
| misty   | 013####### | mi@gmail.com | NULL | NULL  |
+---------+------------+--------------+------+-------+
4 rows in set (0.001 sec)
```

---

> ‚úÖ **Summary:**  
‡¶è‡¶á ‡¶ï‡ßç‡¶≤‡¶æ‡¶∏‡ßá ‡¶Ü‡¶Æ‡¶∞‡¶æ ‡¶∂‡¶ø‡¶ñ‡ßá‡¶õ‡¶ø:  
- Database ‡¶§‡ßà‡¶∞‡¶ø ‡¶ì ‡¶¨‡ßç‡¶Ø‡¶¨‡¶π‡¶æ‡¶∞  
- Table ‡¶§‡ßà‡¶∞‡¶ø ‡¶ï‡¶∞‡¶æ (students)  
- Table structure ‡¶¶‡ßá‡¶ñ‡¶æ (`DESCRIBE`)  
- ‡¶°‡¶æ‡¶ü‡¶æ‡¶¨‡ßá‡¶∏‡ßá ‡¶°‡¶æ‡¶ü‡¶æ insert ‡¶ì select ‡¶ï‡¶∞‡¶æ  
- ENUM data type ‡¶è‡¶¨‡¶Ç VARCHAR ‡¶¨‡ßç‡¶Ø‡¶¨‡¶π‡¶æ‡¶∞  

---# üíª Class 3 ‚Äî Student Table in MariaDB

---

## üñ•Ô∏è Terminal Session Overview

```text
Microsoft Windows [Version 10.0.22631.6060]
(c) Microsoft Corporation. All rights reserved.

C:\Users\USER>mysql -u root
Welcome to the MariaDB monitor.  Commands end with ; or \g.
Your MariaDB connection id is 9
Server version: 10.4.32-MariaDB mariadb.org binary distribution

Type 'help;' or '\h' for help. Type '\c' to clear the current input statement.
```

---

## üîπ Show Existing Databases

```sql
SHOW DATABASES;
```

**Terminal Output:**
```text
+--------------------+
| Database           |
+--------------------+
| ecommerce          |
| information_schema |
| mysql              |
| performance_schema |
| phpmyadmin         |
| test               |
+--------------------+
6 rows in set (0.038 sec)
```

> ‚ùå ‡¶≠‡ßÅ‡¶≤ ‡¶ï‡¶Æ‡¶æ‡¶®‡ßç‡¶°‡ßá‡¶∞ ‡¶â‡¶¶‡¶æ‡¶π‡¶∞‡¶£:
```sql
SHOW DATABASE;
```
- Syntax Error ‡¶π‡ßü ‡¶ï‡¶æ‡¶∞‡¶£ ‡¶∏‡¶†‡¶ø‡¶ï ‡¶ï‡¶Æ‡¶æ‡¶®‡ßç‡¶° ‡¶π‡¶≤‡ßã `SHOW DATABASES;`

---

## üîπ Create New Database

```sql
CREATE DATABASE sbgem;
USE sbgem;
```

**Terminal Output:**
```text
Query OK, 1 row affected (0.002 sec)
Database changed
```

---

## üîπ Show Tables in Database

```sql
SHOW TABLES;
```

**Terminal Output:**
```text
Empty set (0.001 sec)
```

---

## üîπ Create `students` Table

```sql
CREATE TABLE students(
    name VARCHAR(100),
    phone VARCHAR(15),
    email VARCHAR(100),
    roll VARCHAR(10),
    class ENUM('1','2','3','4','5','6','7','8','9')
);
```

**Terminal Output:**
```text
Query OK, 0 rows affected (0.043 sec)
```

---

## üîπ Show Tables After Creation

```sql
SHOW TABLES;
```

**Terminal Output:**
```text
+-----------------+
| Tables_in_sbgem |
+-----------------+
| students        |
+-----------------+
1 row in set (0.001 sec)
```

---

## üîπ Describe Table Structure

```sql
DESCRIBE students;
```

**Terminal Output:**
```text
+-------+-------------------------------------------+------+-----+---------+-------+
| Field | Type                                      | Null | Key | Default | Extra |
+-------+-------------------------------------------+------+-----+---------+-------+
| name  | varchar(100)                              | YES  |     | NULL    |       |
| phone | varchar(15)                               | YES  |     | NULL    |       |
| email | varchar(100)                              | YES  |     | NULL    |       |
| roll  | varchar(10)                               | YES  |     | NULL    |       |
| class | enum('1','2','3','4','5','6','7','8','9') | YES  |     | NULL    |       |
+-------+-------------------------------------------+------+-----+---------+-------+
5 rows in set (0.089 sec)
```

---

## üîπ Insert Data into `students` Table

```sql
INSERT INTO students(name, phone, email)
VALUES
("sanjida","013#######","sa@gmail.com"),
("Bristy","017#######","br@gmail.com"),
("sweety","012#######","sw@gmail.com"),
("misty","013#######","mi@gmail.com");
```

**Terminal Output:**
```text
Query OK, 4 rows affected (0.091 sec)
Records: 4  Duplicates: 0  Warnings: 0
```

---

## üîπ Select Data from Table

```sql
SELECT * FROM students;
```

**Terminal Output:**
```text
+---------+------------+--------------+------+-------+
| name    | phone      | email        | roll | class |
+---------+------------+--------------+------+-------+
| sanjida | 013####### | sa@gmail.com | NULL | NULL  |
| Bristy  | 017####### | br@gmail.com | NULL | NULL  |
| sweety  | 012####### | sw@gmail.com | NULL | NULL  |
| misty   | 013####### | mi@gmail.com | NULL | NULL  |
+---------+------------+--------------+------+-------+
4 rows in set (0.001 sec)
```

---

> ‚úÖ **Summary:**  
‡¶è‡¶á ‡¶ï‡ßç‡¶≤‡¶æ‡¶∏‡ßá ‡¶Ü‡¶Æ‡¶∞‡¶æ ‡¶∂‡¶ø‡¶ñ‡ßá‡¶õ‡¶ø:  
- Database ‡¶§‡ßà‡¶∞‡¶ø ‡¶ì ‡¶¨‡ßç‡¶Ø‡¶¨‡¶π‡¶æ‡¶∞  
- Table ‡¶§‡ßà‡¶∞‡¶ø ‡¶ï‡¶∞‡¶æ (students)  
- Table structure ‡¶¶‡ßá‡¶ñ‡¶æ (`DESCRIBE`)  
- ‡¶°‡¶æ‡¶ü‡¶æ‡¶¨‡ßá‡¶∏‡ßá ‡¶°‡¶æ‡¶ü‡¶æ insert ‡¶ì select ‡¶ï‡¶∞‡¶æ  
- ENUM data type ‡¶è‡¶¨‡¶Ç VARCHAR ‡¶¨‡ßç‡¶Ø‡¶¨‡¶π‡¶æ‡¶∞  

---
