```
ЁЯУШ Class 4 тАФ SQL Commands: INSERT, SELECT, ALTER TABLE

## ЁЯФ╣ SELECT тАФ ржбрж╛ржЯрж╛ ржжрзЗржЦрж╛рж░ ржЬржирзНржп

### тЬЕ рж╕ржм ржХрж▓рж╛ржо SELECT ржХрж░рж╛
```sql
SELECT * FROM TableName;
-- Example:
SELECT * FROM students;

ю╖Щю╖Ъ
тЬЕ ржирж┐рж░рзНржжрж┐рж╖рзНржЯ ржХрж▓рж╛ржо SELECT ржХрж░рж╛
SELECT column1, column2 FROM TableName;
-- Example:
SELECT Name, Roll FROM students;


ЁЯЦея╕П Terminal Output:
MariaDB [cstustudent]> SELECT Name, Roll FROM students;
+---------+--------+
| Name    | Roll   |
+---------+--------+
| Brisrty | 100    |
+---------+--------+
1 row in set (0.012 sec)



ЁЯФД ржЯрзЗржмрж┐рж▓рзЗрж░ ржирж╛ржо ржкрж░рж┐ржмрж░рзНрждржи тАФ RENAME TABLE
RENAME TABLE OldName TO NewName;
-- Example:
RENAME TABLE students TO student_data;


ЁЯЦея╕П Terminal Output:
MariaDB [cstustudent]> RENAME TABLE students TO student_data;
Query OK, 0 rows affected (0.015 sec)

MariaDB [cstustudent]> SHOW TABLES;
+----------------------+
| Tables_in_cstustudent |
+----------------------+
| student_data         |
+----------------------+
1 row in set (0.002 sec)



тЬПя╕П ALTER TABLE тАФ ржХрж▓рж╛ржо ржкрж░рж┐ржмрж░рзНрждржи, ржпрзЛржЧ ржмрж╛ ржмрж╛ржж ржжрзЗржУрзЯрж╛
тЬЕ ржирждрзБржи ржХрж▓рж╛ржо ржпрзЛржЧ ржХрж░рж╛
ALTER TABLE student_data ADD COLUMN Address VARCHAR(100);


тЬЕ ржХрж▓рж╛ржорзЗрж░ ржирж╛ржо ржкрж░рж┐ржмрж░рзНрждржи ржХрж░рж╛
ALTER TABLE student_data CHANGE COLUMN Roll StudentRoll VARCHAR(10);


тЬЕ ржХрж▓рж╛ржо ржорзБржЫрзЗ ржлрзЗрж▓рж╛
ALTER TABLE student_data DROP COLUMN Address;



тЬЕ Summary
- SELECT ржжрж┐рзЯрзЗ ржбрж╛ржЯрж╛ ржжрзЗржЦрж╛
- ржирж┐рж░рзНржжрж┐рж╖рзНржЯ ржХрж▓рж╛ржо ржмрж╛ржЫрж╛ржЗ ржХрж░рж╛
- ржЯрзЗржмрж┐рж▓ RENAME ржХрж░рж╛
- ALTER TABLE ржжрж┐рзЯрзЗ ржХрж▓рж╛ржо ADD, RENAME, ржмрж╛ DROP ржХрж░рж╛

ЁЯТб Tip
- рж╕ржм SQL ржХржорж╛ржирзНржб ; ржжрж┐рзЯрзЗ рж╢рзЗрж╖ ржХрж░ржмрзЗ
- ржнрзБрж▓ spelling ржпрзЗржоржи FROLM ржмрж╛ databese ржжрж┐рж▓рзЗ syntax error ржЖрж╕
````
