ЁЯУШ Class 4 тАФ INSERT, SELECT, ALTER TABLE
ЁЯзй Topic
INSERT, SELECT, ALTER TABLE

ЁЯФ╣ рж╕ржм ржХрж▓рж╛ржо SELECT ржХрж░рж╛
SELECT * FROM TableName;
Example:

SELECT * FROM students;
ЁЯФ╣ ржирж┐рж░рзНржжрж┐рж╖рзНржЯ ржХрж▓рж╛ржо SELECT ржХрж░рж╛
SELECT column1, column2, ... FROM TableName;
Example:

SELECT Name, Roll FROM students;
ЁЯЦея╕П Terminal View
MariaDB [cstustudent]> SELECT Name, Roll FROM students;
+---------+--------+
| Name    | Roll   |
+---------+--------+
| Brisrty | 100    |
+---------+--------+
1 row in set (0.012 sec)
ЁЯФД ржЯрзЗржмрж┐рж▓рзЗрж░ ржирж╛ржо ржкрж░рж┐ржмрж░рзНрждржи ржХрж░рж╛
RENAME TABLE OldName TO NewName;
Example:

RENAME TABLE students TO student_data;
ЁЯЦея╕П Terminal View
MariaDB [cstustudent]> RENAME TABLE students TO student_data;
Query OK, 0 rows affected (0.015 sec)

MariaDB [cstustudent]> SHOW TABLES;
+----------------------+
| Tables_in_cstustudent |
+----------------------+
| student_data          |
+----------------------+
1 row in set (0.002 sec)
тЬПя╕П ALTER TABLE тАФ ржХрж▓рж╛ржо ржкрж░рж┐ржмрж░рзНрждржи, ржпрзЛржЧ ржмрж╛ ржмрж╛ржж ржжрзЗржУрзЯрж╛
ЁЯФ╣ ржирждрзБржи ржХрж▓рж╛ржо ржпрзЛржЧ ржХрж░рж╛
ALTER TABLE student_data ADD COLUMN Address VARCHAR(100);
ЁЯФ╣ ржХрж▓рж╛ржорзЗрж░ ржирж╛ржо ржкрж░рж┐ржмрж░рзНрждржи ржХрж░рж╛
ALTER TABLE student_data CHANGE COLUMN Roll StudentRoll VARCHAR(10);
ЁЯФ╣ ржХрж▓рж╛ржо ржорзБржЫрзЗ ржлрзЗрж▓рж╛
ALTER TABLE student_data DROP COLUMN Address;
тЬЕ Summary
ржПржЗ ржХрзНрж▓рж╛рж╕рзЗ рж╢рж┐ржЦрзЗржЫрзЛ:

SELECT ржжрж┐рзЯрзЗ ржбрж╛ржЯрж╛ ржжрзЗржЦрж╛
ржирж┐рж░рзНржжрж┐рж╖рзНржЯ ржХрж▓рж╛ржо ржмрж╛ржЫрж╛ржЗ ржХрж░рж╛
ржЯрзЗржмрж┐рж▓ rename ржХрж░рж╛
ALTER TABLE ржжрж┐рзЯрзЗ column add, rename ржмрж╛ delete ржХрж░рж╛
ЁЯТб Tip:
Practice ржХрж░рж╛рж░ рж╕ржорзЯ рж╕ржм ржХржорж╛ржирзНржб ; ржжрж┐рзЯрзЗ рж╢рзЗрж╖ ржХрж░ржмрзЗред
ржнрзБрж▓ spelling ржпрзЗржоржи FROLM ржмрж╛ databese ржжрж┐рж▓рзЗ syntax error ржЖрж╕ржмрзЗред
